Workbook

Sheet Summary_Dashboard
A1: EXIUM MUPS - SR. / MIO AWARD CATALOGUE CHOICE SUMMARY
A4: Campaign Metric | B4: May 2026 | C4: June 2026 | D4: Total Combined
A5: Total Eligible Achievers | B5: =COUNTA(Award_May_2026!A2:A722) | C5: =COUNTA(Award_June_2026!A2:A821) | D5: =B5+C5
A6: Completed Selections | B6: =COUNTIF(Award_May_2026!Q2:Q722, "Complete") | C6: =COUNTIF(Award_June_2026!S2:S821, "Complete") | D6: =B6+C6
A7: Pending Selections | B7: =COUNTIF(Award_May_2026!Q2:Q722, "Not Started") | C7: =COUNTIF(Award_June_2026!S2:S821, "Not Started") | D7: =B7+C7
A8: Completion Rate (%) | B8: =IF(B5>0, B6/B5, 0) | C8: =IF(C5>0, C6/C5, 0) | D8: =IF(D5>0, D6/D5, 0)
A11: Voucher Brand | B11: May Count | C11: June Count | D11: Total Selected | E11: % Share
A12: Infinity Gift Voucher | B12: =COUNTIF(Award_May_2026!O2:O722, "*Infinity Gift Voucher*") | C12: =COUNTIF(Award_June_2026!Q2:Q821, "*Infinity Gift Voucher*") | D12: =B12+C12 | E12: =IF($D$6>0, D12/$D$6, 0)
A13: Apex Gift Voucher | B13: =COUNTIF(Award_May_2026!O2:O722, "*Apex Gift Voucher*") | C13: =COUNTIF(Award_June_2026!Q2:Q821, "*Apex Gift Voucher*") | D13: =B13+C13 | E13: =IF($D$6>0, D13/$D$6, 0)
A14: Bata Gift Voucher | B14: =COUNTIF(Award_May_2026!O2:O722, "*Bata Gift Voucher*") | C14: =COUNTIF(Award_June_2026!Q2:Q821, "*Bata Gift Voucher*") | D14: =B14+C14 | E14: =IF($D$6>0, D14/$D$6, 0)
A15: Aarong Gift Voucher | B15: =COUNTIF(Award_May_2026!O2:O722, "*Aarong Gift Voucher*") | C15: =COUNTIF(Award_June_2026!Q2:Q821, "*Aarong Gift Voucher*") | D15: =B15+C15 | E15: =IF($D$6>0, D15/$D$6, 0)
A16: Best Buy Gift Voucher | B16: =COUNTIF(Award_May_2026!O2:O722, "*Best Buy Gift Voucher*") | C16: =COUNTIF(Award_June_2026!Q2:Q821, "*Best Buy Gift Voucher*") | D16: =B16+C16 | E16: =IF($D$6>0, D16/$D$6, 0)
A17: Cats Eye Gift Voucher | B17: =COUNTIF(Award_May_2026!O2:O722, "*Cats Eye Gift Voucher*") | C17: =COUNTIF(Award_June_2026!Q2:Q821, "*Cats Eye Gift Voucher*") | D17: =B17+C17 | E17: =IF($D$6>0, D17/$D$6, 0)

Sheet Award_May_2026
A1: SL | B1: Current Zone | C1: Current SAP Zone | D1: Current Region | E1: Current SAP Region | F1: Current Regional Head | G1: Current Area Code | H1: Current Area Name | I1: SAP MIO Code | J1: Sr./ MIO Name | K1: Designation | L1: No. of Rx | M1: Ach% | N1: Award Amount (BDT) | O1: Selected Voucher | P1: Submission Timestamp | Q1: Status | R1: Is Transferred | S1: Previous Area Code | T1: Previous Area Name | U1: Previous Region | V1: Previous Regional Head | W1: Previous Zone
A2: 1 | B2: Chattogram-C (GEN-A) | C2: 17032 | D2: Potiya GEN-A-1 | E2: 16172 | F2: Md. Majharul Islam | G2: 13027 | H2: Potiya-6 | I2: 6135 | J2: Mr. Md. Aminul Islam | K2: Medical Information Officer | L2: 499 | M2: 148.34611 | N2: 2000 | Q2: Not Started | R2: NO
A3: 2 | B3: Rajshahi (GEN-A) | C3: 17008 | D3: Rajshahi GEN-A-3 | E3: 16037 | F3: Fazlul Haque | G3: 12408 | H3: Bagha-1 | I3: 6060 | J3: Md. Ruhul Amin | K3: Medical Information Officer | L3: 460 | M3: 112.23667 | N3: 2000 | Q3: Not Started | R3: NO
A4: 3 | B4: Cumilla (GEN-A) | C4: 17027 | D4: Cumilla GEN-A-1 | E4: 16144 | F4: Md. Alamgir Hossain | G4: 10925 | H4: Cumilla (Racecourse) | I4: 2388 | J4: Md. Shafiqul Islam | K4: Sr. Medical Information Officer | L4: 451 | M4: 121.28502 | N4: 2000 | Q4: Not Started | R4: NO
A5: 4 | B5: Rajshahi (GEN-A) | C5: 17008 | D5: Patnitola GEN-A-1 | E5: 16038 | F5: Mr. Khondokar Mazharul Islam | G5: 14883 | H5: Porsha-1 | I5: 2605 | J5: Nandan Kumar Roy | K5: Sr. Medical Information Officer | L5: 426 | M5: 120.00981 | N5: 2000 | Q5: Not Started | R5: YES | S5: 10265 | T5: Sapahar-1 | U5: Patnitola GEN-A-1 | V5: Mr. Khondokar Mazharul Islam | W5: Rajshahi
A6: 5 | B6: Chattogram-A (GEN-A) | C6: 17031 | D6: Chattogram GEN-A-9 | E6: 16157 | F6: Mr. Md. Zahidul Islam | G6: 11029 | H6: CTG (Navy Gate)-2 | I6: 1182 | J6: Md. Abdul Mannan Sarker | K6: Sr. Medical Information Officer | L6: 414 | M6: 146.4334 | N6: 2000 | Q6: Not Started | R6: NO
A7: 6 | B7: Chattogram-C (GEN-A) | C7: 17032 | D7: Chattogram GEN-A-1 | E7: 16169 | F7: Mr. Md. Salimujjaman | G7: 11109 | H7: CTG (Metropolitan Hosp.)-2 | I7: 1518 | J7: Suel Rana | K7: Medical Information Officer | L7: 409 | M7: 130.45594 | N7: 2000 | Q7: Not Started | R7: NO
A8: 7 | B8: Chattogram-C (GEN-A) | C8: 17032 | D8: Chattogram GEN-A-1 | E8: 16169 | F8: Mr. Md. Salimujjaman | G8: 11108 | H8: CTG (Metropolitan Hosp.)-1 | I8: 5012 | J8: Mr. Md. Saddam Hossain | K8: Sr. Medical Information Officer | L8: 403 | M8: 135.14409 | N8: 2000 | Q8: Not Started | R8: NO
A9: 8 | B9: Dinajpur (GEN-A) | C9: 17006 | D9: Joypurhat GEN-A | E9: 16027 | F9: Mr. Md. Asadujjaman | G9: 12907 | H9: Joypurhat-4 | I9: 6900 | J9: Mr. Muha. Miraz Jowarder | K9: Medical Information Officer | L9: 390 | M9: 105.09858 | N9: 2000 | Q9: Not Started | R9: NO
A10: 9 | B10: Uttara (GEN-A) | C10: 17021 | D10: Uttara GEN-A-3 | E10: 16112 | F10: Md. Asif Anam | G10: 14884 | H10: Uttara Adhunik-Ibn Sina | I10: 4161 | J10: Mr. Md. Ansarul Islam | K10: Medical Information Officer | L10: 380 | M10: 125.15396 | N10: 2000 | Q10: Not Started | R10: YES | S10: 12550 | T10: Potiya-5 | U10: Potiya GEN-A-1 | V10: Mr. Md. Rafiqul Islam | W10: Chattogram-C
A11: 10 | B11: Chattogram-C (GEN-A) | C11: 17032 | D11: Chattogram GEN-A-1 | E11: 16169 | F11: Mr. Md. Salimujjaman | G11: 11119 | H11: CTG (Lab Aid)-1 | I11: 6662 | J11: Mr. Md. Robel Mia | K11: Medical Information Officer | L11: 380 | M11: 112.05407 | N11: 2000 | Q11: Not Started | R11: NO
A12: 11 | B12: Mymensingh (GEN-A) | C12: 17024 | D12: Mymensingh GEN-A-3 | E12: 16127 | F12: Mr. Md. Ershad Ali | G12: 10822 | H12: MYM(Nexus Hosp.) | I12: 525 | J12: A. K. M. Shamsur Rahman | K12: Sr. Medical Information Officer | L12: 378 | M12: 117.21294 | N12: 2000 | Q12: Not Started | R12: NO
A13: 12 | B13: Faridpur (GEN-A) | C13: 17013 | D13: Bhanga GEN-A-1 | E13: 16067 | F13: Mr. Md. Zahid Hossain Khan | G13: 10449 | H13: Nogorkanda | I13: 1166 | J13: Md. Ibrahim Dhali | K13: Sr. Medical Information Officer | L13: 377 | M13: 103.17534 | N13: 1000 | Q13: Not Started | R13: NO
A14: 13 | B14: Rangpur (GEN-A) | C14: 17007 | D14: Mithapukur GEN-A-1 | E14: 16620 | F14: Mr. Amzad Hossain Mia | G14: 14712 | H14: Pirganj-3 (Gaibandha) | I14: 3651 | J14: Mr. Md. Manikuzzaman | K14: Medical Information Officer | L14: 377 | M14: 159.49583 | N14: 2000 | Q14: Not Started | R14: NO
A15: 14 | B15: Rangpur (GEN-A) | C15: 17007 | D15: Mithapukur GEN-A-1 | E15: 16620 | F15: Mr. Amzad Hossain Mia | G15: 12567 | H15: Bodorgonj-2 | I15: 5623 | J15: Mr. Md. Aunar Kali | K15: Medical Information Officer | L15: 376 | M15: 105.16279 | N15: 2000 | Q15: Not Started | R15: NO
A16: 15 | B16: Rangpur (GEN-A) | C16: 17007 | D16: Rangpur GEN-A-2 | E16: 16030 | F16: Mr. Md. Wahiduzzaman Sarker | G16: 12234 | H16: Gangachora-1 | I16: 2923 | J16: Md. Hasan Sarker | K16: Sr. Medical Information Officer | L16: 372 | M16: 108.40735 | N16: 2000 | Q16: Not Started | R16: NO
A17: 16 | B17: Rangpur (GEN-A) | C17: 17007 | D17: Lalmonirhat GEN-A-1 | E17: 16033 | F17: Md. Rabiul Islam | G17: 10233 | H17: Kaligonj (Rangpur)-1 | I17: 2097 | J17: Nurul Islam | K17: Sr. Medical Information Officer | L17: 371 | M17: 127.34863 | N17: 2000 | Q17: Not Started | R17: NO
A18: 17 | B18: Dinajpur (GEN-A) | C18: 17006 | D18: Joypurhat GEN-A | E18: 16027 | F18: Mr. Md. Asadujjaman | G18: 10188 | H18: Joypurhat-2 | I18: 5986 | J18: Mr. Md. Rakib Miah | K18: Medical Information Officer | L18: 356 | M18: 102.23133 | N18: 1000 | Q18: Not Started | R18: NO
A19: 18 | B19: Faridpur (GEN-A) | C19: 17013 | D19: Faridpur GEN-A-1 | E19: 16064 | F19: Mr. Sumon Kumar Paul | G19: 11816 | H19: Faridpur-7 | I19: 1817 | J19: Md. Ashraful Islam | K19: Sr. Medical Information Officer | L19: 352 | M19: 129.62457 | N19: 2000 | Q19: Not Started | R19: NO
A20: 19 | B20: Chattogram-A (GEN-A) | C20: 17031 | D20: Chattogram GEN-A-9 | E20: 16157 | F20: Mr. Md. Zahidul Islam | G20: 11028 | H20: CTG (Navy Gate)-1 | I20: 1753 | J20: Md. Abdul Aziz | K20: Sr. Medical Information Officer | L20: 351 | M20: 119.2185 | N20: 2000 | Q20: Not Started | R20: NO
A21: 20 | B21: Chattogram-D (GEN-A) | C21: 17147 | D21: Boalkhali GEN-A-1 | E21: 16430 | F21: Mr. Md. Rezaul Hoque | G21: 13178 | H21: CTG (Rashtarmatha) | I21: 5802 | J21: Mr. Md. Helal Mahmud | K21: Medical Information Officer | L21: 350 | M21: 137.43048 | N21: 2000 | Q21: Not Started | R21: NO
A22: 21 | B22: Faridpur (GEN-A) | C22: 17013 | D22: Faridpur GEN-A-1 | E22: 16064 | F22: Mr. Sumon Kumar Paul | G22: 10430 | H22: Faridpur-3 | I22: 1826 | J22: Md. Aminul Islam | K22: Sr. Medical Information Officer | L22: 350 | M22: 106.32442 | N22: 2000 | Q22: Not Started | R22: NO
... A39: 38 | B39: Kushtia (GEN-A) | C39: 17009 | D39: Bheramara GEN-A-1 | E39: 16658 | F39: Mr. Md. Nazmul Huda | G39: 10305 | H39: Daulatpur-1 | I39: 2308 | J39: Md. Rasel Sheikhe | K39: Medical Information Officer | L39: 328 | M39: 105.4783 | N39: 2000 | Q39: Not Started | R39: NO
A40: 39 | B40: Narsingdi (GEN-A) | C40: 17016 | D40: Madhobdi GEN-A-1 | E40: 16681 | F40: Md. Mamun-Or-Rashid | G40: 10574 | H40: Madhobdi-2 | I40: 5300 | J40: Mr. Md. Muniruzzaman | K40: Sr. Medical Information Officer | L40: 327 | M40: 104.78133 | N40: 1000 | Q40: Not Started | R40: YES | S40: 10203 | T40: Rangpur-6 | U40: Rangpur GEN-A-1 | V40: Mr. Md. Shamim Hossain | W40: Rangpur
A41: 40 | B41: Cox Bazar (GEN-A) | C41: 17030 | D41: Chakaria GEN-A-1 | E41: 16159 | F41: Mr. Mohammad Nazrul Islam | G41: 11040 | H41: Chakaria-1 | I41: 1933 | J41: Ripan Saha | K41: Sr. Medical Information Officer | L41: 326 | M41: 121.94559 | N41: 2000 | Q41: Not Started | R41: NO
A42: 41 | B42: Faridpur (GEN-A) | C42: 17013 | D42: Faridpur GEN-A-1 | E42: 16064 | F42: Mr. Sumon Kumar Paul | G42: 10432 | H42: Boalmari-2 | I42: 6602 | J42: Mr. Sumon Ahmed | K42: Medical Information Officer | L42: 325 | M42: 109.47027 | N42: 2000 | Q42: Not Started | R42: NO
A43: 42 | B43: Cox Bazar (GEN-A) | C43: 17030 | D43: Keranirhat GEN-A-1 | E43: 16162 | F43: Mr. Sukrithi Rudra | G43: 11066 | H43: Satkania-1 | I43: 1475 | J43: Md. Golam Mostafa | K43: Sr. Medical Information Officer | L43: 324 | M43: 101.75365 | N43: 1000 | Q43: Not Started | R43: NO
A44: 43 | B44: Faridpur (GEN-A) | C44: 17013 | D44: Gopalgonj GEN-A-2 | E44: 16586 | F44: Mr. Provat Kumar Sarker | G44: 10441 | H44: Gopalgonj-2 | I44: 3277 | J44: Tariqul Islam | K44: Medical Information Officer | L44: 324 | M44: 108.36279 | N44: 2000 | Q44: Not Started | R44: NO
A45: 44 | B45: Chattogram-A (GEN-A) | C45: 17031 | D45: Baraiyerhat GEN-A-1 | E45: 16167 | F45: Mr. Md. Abdus Salam | G45: 11026 | H45: Ramgarh-1 | I45: 3005 | J45: Md. Ariful Islam | K45: Sr. Medical Information Officer | L45: 323 | M45: 124.19265 | N45: 2000 | Q45: Not Started | R45: NO
A46: 45 | B46: Bogura (GEN-A) | C46: 17005 | D46: Sirajgonj GEN-A-1 | E46: 16022 | F46: Md. Rabiul Alam | G46: 14541 | H46: Kamarkhanda-1 | I46: 7639 | J46: Mr. Sabbir Ahmed | K46: Medical Information Officer | L46: 321 | M46: 121.07442 | N46: 2000 | Q46: Not Started | R46: NO
A47: 46 | B47: Khulna (GEN-A) | C47: 17012 | D47: Satkhira GEN-A-2 | E47: 16063 | F47: Mr. K.M. Niaz Uddin Ahmed | G47: 10424 | H47: Kolaroa-1 | I47: 1298 | J47: Md. Khalak Molla | K47: Sr. Medical Information Officer | L47: 320 | M47: 114.31383 | N47: 2000 | Q47: Not Started | R47: NO
A48: 47 | B48: Sylhet-B (GEN-A) | C48: 17019 | D48: Bishwanath GEN-A-1 | E48: 16097 | F48: Mr. Md. Arefin Hasan | G48: 10644 | H48: Bishanath-1 | I48: 974 | J48: Md. Ziaur Rahman | K48: Sr. Medical Information Officer | L48: 320 | M48: 111.69057 | N48: 2000 | Q48: Not Started | R48: NO
A49: 48 | B49: Rangpur (GEN-A) | C49: 17007 | D49: Mithapukur GEN-A-1 | E49: 16620 | F49: Mr. Amzad Hossain Mia | G49: 12235 | H49: Mithapukur-2 | I49: 691 | J49: Md. Azizur Rahman | K49: Sr. Medical Information Officer | L49: 319 | M49: 101.81914 | N49: 1000 | Q49: Not Started | R49: NO
A50: 49 | B50: Rajshahi (GEN-A) | C50: 17008 | D50: Bagmara GEN-A-1 | E50: 16684 | F50: Mr. Md. Hasan Imam Rashel | G50: 14604 | H50: Bagmara (Rajshahi)-3 | I50: 7682 | J50: Mr. Md. Jakirul Islam | K50: Medical Information Officer | L50: 318 | M50: 129.83329 | N50: 2000 | Q50: Not Started | R50: NO
A51: 50 | B51: Rangpur (GEN-A) | C51: 17007 | D51: Rangpur GEN-A-2 | E51: 16030 | F51: Mr. Md. Wahiduzzaman Sarker | G51: 13295 | H51: Rangpur-17 | I51: 2772 | J51: Md. Saifulalm | K51: Medical Information Officer | L51: 318 | M51: 105.97032 | N51: 2000 | Q51: Not Started | R51: NO
A52: 51 | B52: Sylhet-A (GEN-A) | C52: 17018 | D52: Sylhet GEN-A-5 | E52: 16095 | F52: Md. Jakiul Islam | G52: 10626 | H52: Sylhet Popular-1 | I52: 3189 | J52: Mr. Md. Tanzidul Islam | K52: Medical Information Officer | L52: 318 | M52: 152.69929 | N52: 2000 | Q52: Not Started | R52: NO
... A150: 149 | B150: Chattogram-A (GEN-A) | C150: 17031 | D150: Sitakundu GEN-A-1 | E150: 16678 | F150: Mr. Riazul Mostafa | G150: 11092 | H150: Sitakundu-1 | I150: 3429 | J150: Mr. Rothindronath Roy | K150: Medical Information Officer | L150: 270 | M150: 103.69541 | N150: 1000 | Q150: Not Started | R150: NO
A151: 150 | B151: Cox Bazar (GEN-A) | C151: 17030 | D151: Ukhia GEN-A-1 | E151: 16533 | F151: Md. Ruhul Amin | G151: 11048 | H151: Kutupalong-1 | I151: 2135 | J151: Md. Shahadat Hossen | K151: Sr. Medical Information Officer | L151: 270 | M151: 127.24643 | N151: 2000 | Q151: Not Started | R151: YES | S151: 11139 | T151: Banshkhali-1 | U151: Banshkhali GEN-A-1 | V151: Anamul Haque | W151: Chattogram-C
A152: 151 | B152: Sylhet-B (GEN-A) | C152: 17019 | D152: Bishwanath GEN-A-1 | E152: 16097 | F152: Mr. Md. Arefin Hasan | G152: 12340 | H152: Bishanath-3 | I152: 6449 | J152: Mr. Masud Zamader | K152: Medical Information Officer | L152: 270 | M152: 111.45543 | N152: 2000 | Q152: Not Started | R152: NO
A153: 152 | B153: Barishal-B (GEN-A) | C153: 17105 | D153: Shariatpur GEN-A-1 | E153: 16069 | F153: Mr. Md. Shahadat Hossain-579 | G153: 10458 | H153: Shariatpur-2 | I153: 1427 | J153: Md. Khairul Islam | K153: Sr. Medical Information Officer | L153: 269 | M153: 110.89675 | N153: 2000 | Q153: Not Started | R153: NO
A154: 153 | B154: Chattogram-D (GEN-A) | C154: 17147 | D154: Chattogram GEN-A-11 | E154: 16610 | F154: Md. Zahangir Alam | G154: 11116 | H154: CTG (Peoples Hosp.) | I154: 6956 | J154: Mr. Ashifur Rahman | K154: Medical Information Officer | L154: 269 | M154: 141.30257 | N154: 2000 | Q154: Not Started | R154: NO
A155: 154 | B155: Khulna (GEN-A) | C155: 17012 | D155: Satkhira GEN-A-2 | E155: 16063 | F155: Mr. K.M. Niaz Uddin Ahmed | G155: 12282 | H155: Kolaroa-2 | I155: 3661 | J155: Mr. Md. Faisalur Rahaman | K155: Medical Information Officer | L155: 269 | M155: 101.37249 | N155: 1000 | Q155: Not Started | R155: NO
A156: 155 | B156: Tangail (GEN-A) | C156: 17004 | D156: Sherpur GEN-A-2 | E156: 16418 | F156: Mr. Md. Sohel Rana | G156: 10124 | H156: Dewangonj | I156: 5150 | J156: Mr. Mohammad Ali | K156: Medical Information Officer | L156: 269 | M156: 117.44929 | N156: 2000 | Q156: Not Started | R156: NO
A157: 156 | B157: Chattogram-B (GEN-A) | C157: 17029 | D157: Hathazari GEN-A-1 | E157: 16155 | F157: Mohammad Jamal Hossain | G157: 11017 | H157: Hathazari-4 | I157: 6818 | J157: Mr. Md. Ataur Rahman | K157: Medical Information Officer | L157: 268 | M157: 138.6372 | N157: 2000 | Q157: Not Started | R157: NO
A158: 157 | B158: Chattogram-B (GEN-A) | C158: 17029 | D158: Hathazari GEN-A-1 | E158: 16155 | F158: Mohammad Jamal Hossain | G158: 13637 | H158: Sarkerhat-1 | I158: 7266 | J158: Mr. Md. Sawkat Ali | K158: Medical Information Officer | L158: 268 | M158: 112.64004 | N158: 2000 | Q158: Not Started | R158: NO
A159: 158 | B159: Chattogram-C (GEN-A) | C159: 17032 | D159: Anowara GEN-A-1 | E159: 16173 | F159: Mr. Sumon Chandra Das | G159: 11134 | H159: Anowara-1 | I159: 3596 | J159: Mr. Md. Sohel Tanvir | K159: Medical Information Officer | L159: 268 | M159: 110.48665 | N159: 2000 | Q159: Not Started | R159: NO
A160: 159 | B160: Chattogram-D (GEN-A) | C160: 17147 | D160: Chattogram GEN-A-11 | E160: 16610 | F160: Md. Zahangir Alam | G160: 14641 | H160: CTG (Ibn Sina)-1 | I160: 8403 | J160: Mr. Md. Ariful Islam | K160: Medical Information Officer | L160: 268 | M160: 112.20744 | N160: 2000 | Q160: Not Started | R160: NO
A161: 160 | B161: Cumilla-B (GEN-A) | C161: 17093 | D161: Cumilla GEN-A-4 | E161: 16600 | F161: Md. Belal Hossen | G161: 14135 | H161: COMCH-3 | I161: 7458 | J161: Mr. Md. Shadat Fakir | K161: Medical Information Officer | L161: 268 | M161: 102.47608 | N161: 1000 | Q161: Not Started | R161: NO
A162: 161 | B162: Khulna (GEN-A) | C162: 17012 | D162: Satkhira GEN-A-2 | E162: 16063 | F162: Mr. K.M. Niaz Uddin Ahmed | G162: 10426 | H162: Satkhira-2 | I162: 1302 | J162: Md. Murshid Alam | K162: Sr. Medical Information Officer | L162: 268 | M162: 102.10854 | N162: 1000 | Q162: Not Started | R162: NO
A163: 162 | B163: Sylhet-B (GEN-A) | C163: 17019 | D163: Kulaura GEN-A-1 | E163: 16098 | F163: Mr. Md. Zohurul Islam | G163: 10650 | H163: Kulaura-2 | I163: 2307 | J163: Md. Parvejul Islam | K163: Sr. Medical Information Officer | L163: 268 | M163: 120.42932 | N163: 2000 | Q163: Not Started | R163: NO
... A316: 315 | B316: Sylhet-A (GEN-A) | C316: 17018 | D316: Sylhet GEN-A-1 | E316: 16101 | F316: Mr. Md. Golam Sarwar | G316: 10633 | H316: Chattak-1 | I316: 1287 | J316: Subash Chandra Sarker | K316: Sr. Medical Information Officer | L316: 242 | M316: 106.21256 | N316: 2000 | Q316: Not Started | R316: NO
A317: 316 | B317: Chattogram-D (GEN-A) | C317: 17147 | D317: Fatikchari GEN-A-2 | E317: 16532 | F317: Md. Sumsuddoha | G317: 11025 | H317: Khagrachari-1 | I317: 3082 | J317: Md. Rabiul Islam | K317: Sr. Medical Information Officer | L317: 241 | M317: 107.00429 | N317: 2000 | Q317: Not Started | R317: YES | S317: 11128 | T317: Potiya-2 | U317: Potiya GEN-A-2 | V317: Md. Mostafizur Rahman | W317: Chattogram-C
A318: 317 | B318: Chattogram-D (GEN-A) | C318: 17147 | D318: Fatikchari GEN-A-1 | E318: 16156 | F318: Mr. Md. Biddut Hosen | G318: 11023 | H318: Nazirhat-3 | I318: 7303 | J318: Mr. Raju Ahmed | K318: Medical Information Officer | L318: 241 | M318: 113.47524 | N318: 2000 | Q318: Not Started | R318: NO
A319: 318 | B319: Chattogram-D (GEN-A) | C319: 17147 | D319: Fatikchari GEN-A-2 | E319: 16532 | F319: Md. Sumsuddoha | G319: 11021 | H319: Bibirhat-2 | I319: 7423 | J319: Mr. Md. Mohosin | K319: Medical Information Officer | L319: 241 | M319: 112.64421 | N319: 2000 | Q319: Not Started | R319: NO
A320: 319 | B320: Dinajpur (GEN-A) | C320: 17006 | D320: Panchagarh GEN-A-1 | E320: 16419 | F320: Md. Nayeb Ali | G320: 13653 | H320: Domar-2 | I320: 7285 | J320: Md. Faysal Ahmed | K320: Medical Information Officer | L320: 241 | M320: 122.60073 | N320: 2000 | Q320: Not Started | R320: NO
A321: 320 | B321: Faridpur (GEN-A) | C321: 17013 | D321: Gopalgonj GEN-A-1 | E321: 16066 | F321: Md. Abu Zafor | G321: 12981 | H321: Gopalgonj-4 | I321: 5926 | J321: Mr. Md. Habibur Rahman | K321: Sr. Medical Information Officer | L321: 241 | M321: 104.58433 | N321: 1000 | Q321: Not Started | R321: NO
A322: 321 | B322: Maizdee (GEN-A) | C322: 17025 | D322: Laxmipur GEN-A-1 | E322: 16136 | F322: Mr. Md. Shamim Hossain | G322: 10885 | H322: Mandari-1 | I322: 1525 | J322: Jonayet Hossain Noyen | K322: Sr. Medical Information Officer | L322: 241 | M322: 102.26906 | N322: 1000 | Q322: Not Started | R322: NO
A323: 322 | B323: Mymensingh (GEN-A) | C323: 17024 | D323: Mymensingh GEN-A-2 | E323: 16126 | F323: Mr. Md. Golam Moktadir | G323: 12327 | H323: Issorgonj-2 | I323: 3706 | J323: Mr. Md. Kamruzzaman | K323: Medical Information Officer | L323: 241 | M323: 104.57487 | N323: 1000 | Q323: Not Started | R323: NO
A324: 323 | B324: Tangail (GEN-A) | C324: 17004 | D324: Jamalpur GEN-A-1 | E324: 16017 | F324: Mr. Md. Mehdi Al-Amin | G324: 13087 | H324: Madergonj-2 | I324: 5465 | J324: Mr. Md. Rashed Hossain Rony | K324: Medical Information Officer | L324: 241 | M324: 118.93811 | N324: 2000 | Q324: Not Started | R324: NO
A325: 324 | B325: Barishal-B (GEN-A) | C325: 17105 | D325: Lalmohon GEN-A-1 | E325: 16363 | F325: Mr. Md. Abdur Razzak Mia | G325: 10377 | H325: Lalmohan-2 | I325: 3009 | J325: Md. Khademul Islam | K325: Medical Information Officer | L325: 240 | M325: 100.06476 | N325: 1000 | Q325: Not Started | R325: NO
A326: 325 | B326: Barishal-B (GEN-A) | C326: 17105 | D326: Charfashion GEN-A-1 | E326: 16056 | F326: Mr. Sumon Ranjan Das | G326: 12547 | H326: Monpura-1 | I326: 3617 | J326: Mr. Md. Arman | K326: Medical Information Officer | L326: 240 | M326: 108.64331 | N326: 2000 | Q326: Not Started | R326: NO
A327: 326 | B327: Cox Bazar (GEN-A) | C327: 17030 | D327: Moheshkhali GEN-A-1 | E327: 16660 | F327: Md. Wasim Rahman | G327: 12556 | H327: Pekuya-2 | I327: 7061 | J327: Mr. Shamiur Rahman | K327: Medical Information Officer | L327: 240 | M327: 107.3322 | N327: 2000 | Q327: Not Started | R327: NO
A328: 327 | B328: Faridpur (GEN-A) | C328: 17013 | D328: Rajbari GEN-A-1 | E328: 16070 | F328: Mr. Manitosh Biswas | G328: 13184 | H328: Kalukhali-1 | I328: 5158 | J328: Mr. Sadhin Chandra Roy | K328: Medical Information Officer | L328: 240 | M328: 106.9408 | N328: 2000 | Q328: Not Started | R328: NO
A329: 328 | B329: Gazipur (GEN-A) | C329: 17022 | D329: Gazipur-Chowrasta GEN-A-1 | E329: 16117 | F329: Mr. Mohammad Abdul Baten | G329: 10769 | H329: Gazipur-Doctors Foundation Hospital | I329: 5032 | J329: Mr. Md. Zakir Hossain | K329: Sr. Medical Information Officer | L329: 240 | M329: 107.49537 | N329: 2000 | Q329: Not Started | R329: NO
... A383: 382 | B383: Khulna (GEN-A) | C383: 17012 | D383: Bagerhat GEN-A-1 | E383: 16061 | F383: Mr. Md. Asaduzzaman | G383: 10412 | H383: Pirojpur-1 | I383: 2660 | J383: Md. Romzan Ali | K383: Medical Information Officer | L383: 234 | M383: 120.77744 | N383: 2000 | Q383: Not Started | R383: NO
A384: 383 | B384: Khulna (GEN-A) | C384: 17012 | D384: Khulna GEN-A-3 | E384: 16320 | F384: Mr. Md. Kabirul Islam | G384: 12584 | H384: Dumuria-1 | I384: 1577 | J384: Md. Anowar Hossain | K384: Sr. Medical Information Officer | L384: 234 | M384: 116.1712 | N384: 2000 | Q384: Not Started | R384: YES | S384: 12584 | T384: Dumuria-1 | U384: Satkhira GEN-A-1 | V384: Mr. Md. Mehedi Hasan | W384: Khulna
A385: 384 | B385: Kushtia (GEN-A) | C385: 17009 | D385: Shahzadpur GEN-A-1 | E385: 16044 | F385: Md. Zahangir Alom | G385: 10300 | H385: Bera-1 | I385: 5474 | J385: Mr. Md. Jahidul Islam | K385: Medical Information Officer | L385: 234 | M385: 107.76043 | N385: 2000 | Q385: Not Started | R385: NO
A386: 385 | B386: Maizdee (GEN-A) | C386: 17025 | D386: Laxmipur GEN-A-1 | E386: 16136 | F386: Mr. Md. Shamim Hossain | G386: 10883 | H386: Laxmipur-3 | I386: 3961 | J386: Mr. Alamin | K386: Medical Information Officer | L386: 234 | M386: 113.85201 | N386: 2000 | Q386: Not Started | R386: NO
A387: 386 | B387: Uttara (GEN-A) | C387: 17021 | D387: Tongi GEN-A-2 | E387: 16114 | F387: Mr. Md. Abdul Kader | G387: 10748 | H387: TIMCH (Sataish) | I387: 6249 | J387: Mr. Md. Saiful Islam | K387: Medical Information Officer | L387: 234 | M387: 130.38976 | N387: 2000 | Q387: Not Started | R387: NO
A388: 387 | B388: Chattogram-B (GEN-A) | C388: 17029 | D388: Chandraghona GEN-A-1 | E388: 16168 | F388: Mr. Md. Zakir Hossain | G388: 11103 | H388: Rangunia-1 | I388: 809 | J388: Gobinda Chandra Sarkar | K388: Sr. Medical Information Officer | L388: 233 | M388: 112.1208 | N388: 2000 | Q388: Not Started | R388: NO
A389: 388 | B389: Chattogram-C (GEN-A) | C389: 17032 | D389: Anowara GEN-A-1 | E389: 16173 | F389: Mr. Sumon Chandra Das | G389: 14702 | H389: KEPZ Trust Hospital | I389: 2985 | J389: Md. Anwar Hossain | K389: Medical Information Officer | L389: 233 | M389: 136.50552 | N389: 2000 | Q389: Not Started | R389: NO
A390: 389 | B390: Rajshahi (GEN-A) | C390: 17008 | D390: Rajshahi GEN-A-1 | E390: 16035 | F390: Mr. Md. Johurul Islam | G390: 10242 | H390: Rajshahi-6 | I390: 7430 | J390: Mr. Md. Abu Kayser Rakib | K390: Medical Information Officer | L390: 233 | M390: 116.78139 | N390: 2000 | Q390: Not Started | R390: NO
A391: 390 | B391: Sylhet-B (GEN-A) | C391: 17019 | D391: Sreemongal GEN-A-1 | E391: 16102 | F391: Mr. ATM Shakhawat Hossain | G391: 10674 | H391: Kamolganj | I391: 2164 | J391: Md. Usub Ali | K391: Sr. Medical Information Officer | L391: 233 | M391: 123.18679 | N391: 2000 | Q391: Not Started | R391: NO
A392: 391 | B392: Barishal-B (GEN-A) | C392: 17105 | D392: Shariatpur GEN-A-1 | E392: 16069 | F392: Mr. Md. Shahadat Hossain-579 | G392: 10459 | H392: Bhedorgonj | I392: 1504 | J392: Md. Arif Hossain | K392: Sr. Medical Information Officer | L392: 232 | M392: 107.70151 | N392: 2000 | Q392: Not Started | R392: NO
A393: 392 | B393: Chattogram-B (GEN-A) | C393: 17029 | D393: Chattogram GEN-A-4 | E393: 16171 | F393: Mahmodul Haque | G393: 12294 | H393: CTG (Jamal Khan)-2 | I393: 3676 | J393: Mr. Dilip Kumar Roy | K393: Medical Information Officer | L393: 232 | M393: 107.61787 | N393: 2000 | Q393: Not Started | R393: NO
A394: 393 | B394: Chattogram-B (GEN-A) | C394: 17029 | D394: Hathazari GEN-A-1 | E394: 16155 | F394: Mohammad Jamal Hossain | G394: 12412 | H394: Hathazari-5 | I394: 1522 | J394: Md. Jahangir Alom | K394: Sr. Medical Information Officer | L394: 232 | M394: 125.19996 | N394: 2000 | Q394: Not Started | R394: NO
A395: 394 | B395: Chattogram-C (GEN-A) | C395: 17032 | D395: Potiya GEN-A-2 | E395: 16601 | F395: Md. Mostafizur Rahman | G395: 11062 | H395: Chandanaish-1 | I395: 1853 | J395: Md. Mozaffar Hossain | K395: Sr. Medical Information Officer | L395: 232 | M395: 102.95213 | N395: 1000 | Q395: Not Started | R395: NO
A396: 395 | B396: Faridpur (GEN-A) | C396: 17013 | D396: Shibchar GEN-A-1 | E396: 16423 | F396: Mr. Jiban Kumar Debnath | G396: 10456 | H396: Damuddia | I396: 5656 | J396: Mr. Md. Milan Hosen | K396: Medical Information Officer | L396: 232 | M396: 104.1483 | N396: 1000 | Q396: Not Started | R396: NO
... A431: 430 | B431: Cox Bazar (GEN-A) | C431: 17030 | D431: Cox Bazar GEN-A-1 | E431: 16160 | F431: Mr. Amir Sohel | G431: 11046 | H431: Coxs Bazar (Fuad Al Khateeb)-1 | I431: 5690 | J431: Mr. Md. Masudul Islam | K431: Medical Information Officer | L431: 227 | M431: 112.81079 | N431: 2000 | Q431: Not Started | R431: NO
A432: 431 | B432: Khulna (GEN-A) | C432: 17012 | D432: Satkhira GEN-A-1 | E432: 16062 | F432: Mr. Md. Mehedi Hasan | G432: 10425 | H432: Paikgacha | I432: 3293 | J432: Shuvasish Bhatta | K432: Medical Information Officer | L432: 227 | M432: 103.98914 | N432: 1000 | Q432: Not Started | R432: YES | S432: 10425 | T432: Paikgacha | U432: Shyamnagor GEN-A-1 | V432: Md. Waziullah Patwary | W432: Khulna
A433: 432 | B433: Uttara (GEN-A) | C433: 17021 | D433: Uttara GEN-A-3 | E433: 16112 | F433: Md. Asif Anam | G433: 14552 | H433: Uttara Adhunik & Popular | I433: 7629 | J433: Mr. Imteaz Uddin Ahmed | K433: Medical Information Officer | L433: 227 | M433: 107.07239 | N433: 2000 | Q433: Not Started | R433: NO
A434: 433 | B434: Chandpur (GEN-A) | C434: 17026 | D434: Chandpur GEN-A-1 | E434: 16140 | F434: Mr. Md. Mokaram Ahamed | G434: 10909 | H434: Chandpur (Medinova)-1 | I434: 2527 | J434: Joy Roy Joni | K434: Sr. Medical Information Officer | L434: 226 | M434: 110.60561 | N434: 2000 | Q434: Not Started | R434: NO
A435: 434 | B435: Sylhet-A (GEN-A) | C435: 17018 | D435: Sylhet GEN-A-1 | E435: 16101 | F435: Mr. Md. Golam Sarwar | G435: 10634 | H435: Chattak-2 | I435: 5679 | J435: Mr. Md. Mosikur Rahaman | K435: Medical Information Officer | L435: 226 | M435: 117.46613 | N435: 2000 | Q435: Not Started | R435: YES | S435: 11136 | T435: Anowara-2 | U435: Anowara GEN-A-1 | V435: Mr. Sumon Chandra Das | W435: Chattogram-C
A436: 435 | B436: Cumilla (GEN-A) | C436: 17027 | D436: Debidwar GEN-A-1 | E436: 16146 | F436: Mr. Nikhil Kumar Roy | G436: 13313 | H436: Bhangora | I436: 5924 | J436: Mr. Md. Shimul Raihan | K436: Medical Information Officer | L436: 226 | M436: 101.70397 | N436: 1000 | Q436: Not Started | R436: NO
A437: 436 | B437: Faridpur (GEN-A) | C437: 17013 | D437: Shibchar GEN-A-1 | E437: 16423 | F437: Mr. Jiban Kumar Debnath | G437: 10457 | H437: Naria-1 | I437: 1539 | J437: Md. Selim Reza | K437: Sr. Medical Information Officer | L437: 226 | M437: 101.42734 | N437: 1000 | Q437: Not Started | R437: NO
A438: 437 | B438: Sylhet-B (GEN-A) | C438: 17019 | D438: Sylhet GEN-A-2 | E438: 16094 | F438: Mr. Mohammad Hasan | G438: 13497 | H438: Sylhet (Mount Adora)-1 | I438: 7144 | J438: Mr. Md. Rezaul Karim | K438: Medical Information Officer | L438: 226 | M438: 106.71528 | N438: 2000 | Q438: Not Started | R438: NO
A439: 438 | B439: Sylhet-B (GEN-A) | C439: 17019 | D439: Sylhet GEN-A-2 | E439: 16094 | F439: Mr. Mohammad Hasan | G439: 10672 | H439: SOMCH-1 | I439: 2278 | J439: Md. Shariful Islam | K439: Sr. Medical Information Officer | L439: 226 | M439: 111.24463 | N439: 2000 | Q439: Not Started | R439: NO
A440: 439 | B440: Bogura (GEN-A) | C440: 17005 | D440: Noagaon GEN-A-1 | E440: 16019 | F440: Mehedi Hasan | G440: 12280 | H440: Naogaon-5 | I440: 3992 | J440: Mr. Forhat Hossain Limon | K440: Sr. Medical Information Officer | L440: 225 | M440: 117.35043 | N440: 2000 | Q440: Not Started | R440: NO
A441: 440 | B441: Bogura (GEN-A) | C441: 17005 | D441: Bogura GEN-A-3 | E441: 16321 | F441: Mr. Md. Habibullah Belaly | G441: 10142 | H441: Bogura-5 | I441: 2750 | J441: Md. Mahabur Rahaman | K441: Sr. Medical Information Officer | L441: 225 | M441: 132.00231 | N441: 2000 | Q441: Not Started | R441: NO
A442: 441 | B442: Gazipur (GEN-A) | C442: 17022 | D442: Gazipur GEN-A-1 | E442: 16116 | F442: Mr. Kazi Mokaram Hossain | G442: 10759 | H442: Gazipur-Shimultoli | I442: 761 | J442: Md. Mominul Islam | K442: Sr. Medical Information Officer | L442: 225 | M442: 100.01049 | N442: 1000 | Q442: Not Started | R442: NO
A443: 442 | B443: Khulna (GEN-A) | C443: 17012 | D443: Shyamnagor GEN-A-1 | E443: 16659 | F443: Md. Waziullah Patwary | G443: 12281 | H443: Assasuni-1 | I443: 665 | J443: Md. Mamun Khan | K443: Sr. Medical Information Officer | L443: 225 | M443: 110.09151 | N443: 2000 | Q443: Not Started | R443: NO
A444: 443 | B444: Mymensingh (GEN-A) | C444: 17024 | D444: Fulpur GEN-A-1 | E444: 16129 | F444: Mr. Md. Raqibul Islam | G444: 10838 | H444: Fulpur-1 | I444: 6667 | J444: Mr. Md. Shahin Alam | K444: Medical Information Officer | L444: 225 | M444: 115.89363 | N444: 2000 | Q444: Not Started | R444: NO
A445: 444 | B445: Bogura (GEN-A) | C445: 17005 | D445: Bogura GEN-A-3 | E445: 16321 | F445: Mr. Md. Habibullah Belaly | G445: 10145 | H445: Bogura-7 | I445: 1449 | J445: Md. Rohidul Islam | K445: Sr. Medical Information Officer | L445: 224 | M445: 109.02746 | N445: 2000 | Q445: Not Started | R445: NO
A446: 445 | B446: Chattogram-A (GEN-A) | C446: 17031 | D446: Chattogram GEN-A-3 | E446: 16166 | F446: Mohammad Yousuf | G446: 11088 | H446: CTG (Maa O Shishu)-1 | I446: 7727 | J446: Mr. Md. Omar Ali | K446: Medical Information Officer | L446: 224 | M446: 109.59118 | N446: 2000 | Q446: Not Started | R446: NO
A447: 446 | B447: Dhaka-B (GEN-A) | C447: 17017 | D447: Dhaka GEN-A-5 | E447: 16012 | F447: Mr. Kamruzzaman | G447: 10084 | H447: BSMMU-1 | I447: 3128 | J447: Md. Masum Mia | K447: Sr. Medical Information Officer | L447: 224 | M447: 233.45872 | N447: 2000 | Q447: Not Started | R447: NO
... A575: 574 | B575: Cox Bazar (GEN-A) | C575: 17030 | D575: Moheshkhali GEN-A-1 | E575: 16660 | F575: Md. Wasim Rahman | G575: 11056 | H575: Moheshkhali-1 | I575: 1620 | J575: Md. Enamul Haque | K575: Sr. Medical Information Officer | L575: 210 | M575: 133.21375 | N575: 2000 | Q575: Not Started | R575: NO
A576: 575 | B576: Sylhet-A (GEN-A) | C576: 17018 | D576: Beanibazar GEN-A-1 | E576: 16093 | F576: Mohammad Monir Ahmed | G576: 10614 | H576: Beanibazar-3 | I576: 3127 | J576: Mitun Chandra Roy | K576: Sr. Medical Information Officer | L576: 210 | M576: 153.729 | N576: 2000 | Q576: Not Started | R576: YES | S576: 10926 | T576: Cumilla Diabetic Hosp-1 | U576: Cumilla GEN-A-1 | V576: Md. Alamgir Hossain | W576: Cumilla-A
A577: 576 | B577: Dhaka-D (GEN-A) | C577: 17014 | D577: Dhaka GEN-A-14 | E577: 16071 | F577: Mr. Md. Mahmudul Hasan | G577: 10470 | H577: ShSMCH-Mohammadpur | I577: 7457 | J577: Mr. Md. Shahin Islam | K577: Medical Information Officer | L577: 210 | M577: 110.87386 | N577: 2000 | Q577: Not Started | R577: NO
A578: 577 | B578: Dinajpur (GEN-A) | C578: 17006 | D578: Nilphamary GEN-A-1 | E578: 16534 | F578: Md. Latiful Alam | G578: 10172 | H578: Jaldhaka-1 | I578: 6719 | J578: Mr. Md. Senarul Islam | K578: Medical Information Officer | L578: 210 | M578: 106.29192 | N578: 2000 | Q578: Not Started | R578: NO
A579: 578 | B579: Dinajpur (GEN-A) | C579: 17006 | D579: Sayedpur GEN-A-1 | E579: 16024 | F579: Mr. Md. Mostafizur Rahman | G579: 10165 | H579: Sayedpur-1 | I579: 1428 | J579: Md. Rabin Chowdhury | K579: Sr. Medical Information Officer | L579: 210 | M579: 100.88117 | N579: 1000 | Q579: Not Started | R579: NO
...

Sheet Award_June_2026
A1: SL | B1: Current Zone | C1: Current SAP Zone | D1: Current Region | E1: Current SAP Region | F1: Current Regional Head | G1: Current Area Code | H1: Current Area Name | I1: SAP MIO Code | J1: Sr./ MIO Name | K1: Designation | L1: No. of Rx | M1: Sales Val (Apr'26) | N1: Sales Val (Jun'26) | O1: Growth% (Jun over Apr) | P1: Award Amount (BDT) | Q1: Selected Voucher | R1: Submission Timestamp | S1: Status | T1: Is Transferred | U1: Previous Area Code | V1: Previous Area Name | W1: Previous Region | X1: Previous Regional Head | Y1: Previous Zone
A2: 1 | B2: Rajshahi (GEN-A) | C2: 17008 | D2: Rajshahi GEN-A-3 | E2: 16037 | F2: Fazlul Haque | G2: 10260 | H2: Rajshahi-12 | I2: 3275 | J2: Md. Shoriful Islam | K2: Sr. Medical Information Officer | L2: 749 | M2: 135846.83 | N2: 151079.21 | O2: 11.212908 | P2: 2000 | S2: Not Started | T2: NO
A3: 2 | B3: Rangpur (GEN-A) | C3: 17007 | D3: Lalmonirhat GEN-A-1 | E3: 16033 | F3: Md. Rabiul Islam | G3: 10233 | H3: Kaligonj (Rangpur)-1 | I3: 2097 | J3: Nurul Islam | K3: Sr. Medical Information Officer | L3: 640 | M3: 157406.16 | N3: 184902.37 | O3: 17.468319 | P3: 3000 | S3: Not Started | T3: NO
A4: 3 | B4: Dinajpur (GEN-A) | C4: 17006 | D4: Dinajpur GEN-A-2 | E4: 16026 | F4: Md. Habibur Rahman | G4: 10180 | H4: Phulbari-1 | I4: 1107 | J4: Md. Abul Hasan Mondal | K4: Sr. Medical Information Officer | L4: 637 | M4: 122563.6 | N4: 144752.47 | O4: 18.103964 | P4: 3000 | S4: Not Started | T4: NO
A5: 4 | B5: Jashore (GEN-A) | C5: 17010 | D5: Jashore GEN-A-3 | E5: 16680 | F5: Md. Mizanur Rahman | G5: 11812 | H5: Moheshpur-1 | I5: 2797 | J5: Sohidul Islam | K5: Sr. Medical Information Officer | L5: 589 | M5: 233102.99 | N5: 259804.78 | O5: 11.454932 | P5: 2000 | S5: Not Started | T5: NO
A6: 5 | B6: Chattogram-C (GEN-A) | C6: 17032 | D6: Chattogram GEN-A-10 | E6: 16326 | F6: Mr. Mohammad Ashadur Rahman | G6: 11006 | H6: CTG (National)-1 | I6: 4181 | J6: Mr. Md. Masud Rana | K6: Sr. Medical Information Officer | L6: 558 | M6: 64032.9 | N6: 195396.96 | O6: 205.15088 | P6: 3000 | S6: Not Started | T6: NO
A7: 6 | B7: Faridpur (GEN-A) | C7: 17013 | D7: Faridpur GEN-A-2 | E7: 16065 | F7: Mr. Md. Mehedi Hasan | G7: 10435 | H7: Faridpur-4 | I7: 2609 | J7: Md. Abul Basar | K7: Sr. Medical Information Officer | L7: 556 | M7: 161304.03 | N7: 195696.82 | O7: 21.321718 | P7: 3000 | S7: Not Started | T7: NO
A8: 7 | B8: Rajshahi (GEN-A) | C8: 17008 | D8: Patnitola GEN-A-1 | E8: 16038 | F8: Mr. Khondokar Mazharul Islam | G8: 14883 | H8: Porsha-1 | I8: 2605 | J8: Nandan Kumar Roy | K8: Sr. Medical Information Officer | L8: 551 | M8: 143928.38 | N8: 181019.51 | O8: 25.770546 | P8: 3000 | S8: Not Started | T8: YES | U8: 10265 | V8: Sapahar-1 | W8: Patnitola GEN-A-1 | X8: Mr. Khondokar Mazharul Islam | Y8: Rajshahi
A9: 8 | B9: Chattogram-C (GEN-A) | C9: 17032 | D9: Chattogram GEN-A-10 | E9: 16326 | F9: Mr. Mohammad Ashadur Rahman | G9: 11007 | H9: CTG (National)-2 | I9: 7404 | J9: Mr. Md. Pavel Islam | K9: Medical Information Officer | L9: 549 | M9: 95457.09 | N9: 139879.79 | O9: 46.536826 | P9: 3000 | S9: Not Started | T9: NO
A10: 9 | B10: Faridpur (GEN-A) | C10: 17013 | D10: Faridpur GEN-A-2 | E10: 16065 | F10: Mr. Md. Mehedi Hasan | G10: 10436 | H10: Faridpur-5 | I10: 8730 | J10: Mr. Md. Benjir Hossain | K10: Medical Information Officer | L10: 547 | M10: 100539.57 | N10: 119625.19 | O10: 18.983192 | P10: 3000 | S10: Not Started | T10: NO
A11: 10 | B11: Kushtia (GEN-A) | C11: 17009 | D11: Bheramara GEN-A-1 | E11: 16658 | F11: Mr. Md. Nazmul Huda | G11: 10306 | H11: Bheramara-2 | I11: 2775 | J11: Md. Shohel Rana | K11: Medical Information Officer | L11: 535 | M11: 156086.71 | N11: 197435.92 | O11: 26.491179 | P11: 3000 | S11: Not Started | T11: NO
A12: 11 | B12: Faridpur (GEN-A) | C12: 17013 | D12: Bhanga GEN-A-1 | E12: 16067 | F12: Mr. Md. Zahid Hossain Khan | G12: 10449 | H12: Nogorkanda | I12: 1166 | J12: Md. Ibrahim Dhali | K12: Sr. Medical Information Officer | L12: 534 | M12: 194032.65 | N12: 238020.57 | O12: 22.67037 | P12: 3000 | S12: Not Started | T12: NO
A13: 12 | B13: Rangpur (GEN-A) | C13: 17007 | D13: Mithapukur GEN-A-1 | E13: 16620 | F13: Mr. Amzad Hossain Mia | G13: 12567 | H13: Bodorgonj-2 | I13: 5623 | J13: Mr. Md. Aunar Kali | K13: Medical Information Officer | L13: 521 | M13: 103838 | N13: 114587.63 | O13: 10.352308 | P13: 2000 | S13: Not Started | T13: NO
A14: 13 | B14: Chattogram-D (GEN-A) | C14: 17147 | D14: Chattogram GEN-A-11 | E14: 16610 | F14: Md. Zahangir Alam | G14: 11010 | H14: CTG (Popular)-2 | I14: 1440 | J14: Md. Rokibul Islam | K14: Sr. Medical Information Officer | L14: 516 | M14: 75996.88 | N14: 101394.13 | O14: 33.418806 | P14: 3000 | S14: Not Started | T14: NO
A15: 14 | B15: Cumilla-B (GEN-A) | C15: 17093 | D15: Chandina GEN-A-1 | E15: 16145 | F15: Mr. Bishwajit Kaviraj | G15: 10950 | H15: Chandina-1 | I15: 2103 | J15: Md. Shafikul Islam | K15: Sr. Medical Information Officer | L15: 516 | M15: 191214.22 | N15: 227795.76 | O15: 19.131182 | P15: 3000 | S15: Not Started | T15: NO
A16: 15 | B16: Khulna (GEN-A) | C16: 17012 | D16: Satkhira GEN-A-2 | E16: 16063 | F16: Mr. K.M. Niaz Uddin Ahmed | G16: 10424 | H16: Kolaroa-1 | I16: 1298 | J16: Md. Khalak Molla | K16: Sr. Medical Information Officer | L16: 513 | M16: 325861.83 | N16: 415187.08 | O16: 27.412002 | P16: 3000 | S16: Not Started | T16: NO
A17: 16 | B17: Faridpur (GEN-A) | C17: 17013 | D17: Faridpur GEN-A-2 | E17: 16065 | F17: Mr. Md. Mehedi Hasan | G17: 12819 | H17: Faridpur-8 | I17: 2310 | J17: Mamunur Rashid | K17: Sr. Medical Information Officer | L17: 510 | M17: 185007.14 | N17: 224647.66 | O17: 21.426481 | P17: 3000 | S17: Not Started | T17: NO
A18: 17 | B18: Faridpur (GEN-A) | C18: 17013 | D18: Bhanga GEN-A-1 | E18: 16067 | F18: Mr. Md. Zahid Hossain Khan | G18: 10445 | H18: Bhanga-2 | I18: 3747 | J18: Mr. Md. Minhaj Perveg | K18: Sr. Medical Information Officer | L18: 505 | M18: 338875.01 | N18: 405921.55 | O18: 19.785035 | P18: 3000 | S18: Not Started | T18: NO
A19: 18 | B19: Chattogram-A (GEN-A) | C19: 17031 | D19: Chattogram GEN-A-9 | E19: 16157 | F19: Mr. Md. Zahidul Islam | G19: 13310 | H19: CTG (EPZ-3) | I19: 6164 | J19: Mr. Md. Hero Mia | K19: Medical Information Officer | L19: 490 | M19: 175217.13 | N19: 324407.1 | O19: 85.145767 | P19: 3000 | S19: Not Started | T19: NO
A20: 19 | B20: Sylhet-A (GEN-A) | C20: 17018 | D20: Sylhet GEN-A-5 | E20: 16095 | F20: Md. Jakiul Islam | G20: 10626 | H20: Sylhet Popular-1 | I20: 3189 | J20: Mr. Md. Tanzidul Islam | K20: Medical Information Officer | L20: 485 | M20: 77436.12 | N20: 98665.54 | O20: 27.415397 | P20: 3000 | S20: Not Started | T20: NO
... A194: 193 | B194: Cox Bazar (GEN-A) | C194: 17030 | D194: Keranirhat GEN-A-1 | E194: 16162 | F194: Mr. Sukrithi Rudra | G194: 11067 | H194: Satkania-2 | I194: 1607 | J194: Pabitra Kumar Sarker | K194: Sr. Medical Information Officer | L194: 346 | M194: 195157.45 | N194: 224602.69 | O194: 15.087941 | P194: 3000 | S194: Not Started | T194: NO
A195: 194 | B195: Cox Bazar (GEN-A) | C195: 17030 | D195: Ukhia GEN-A-1 | E195: 16533 | F195: Md. Ruhul Amin | G195: 11048 | H195: Kutupalong-1 | I195: 2135 | J195: Md. Shahadat Hossen | K195: Sr. Medical Information Officer | L195: 346 | M195: 164017.76 | N195: 194497.48 | O195: 18.583183 | P195: 3000 | S195: Not Started | T195: YES | U195: 11139 | V195: Banshkhali-1 | W195: Banshkhali GEN-A-1 | X195: Anamul Haque | Y195: Chattogram-C
A196: 195 | B196: Cumilla-B (GEN-A) | C196: 17093 | D196: Chandina GEN-A-2 | E196: 16694 | F196: Mr. Sk. Shafiqur Rahman | G196: 10946 | H196: Nawabpur-1 | I196: 1641 | J196: Md. Abdul Waras | K196: Sr. Medical Information Officer | L196: 345 | M196: 180584.48 | N196: 200824.37 | O196: 11.20799 | P196: 2000 | S196: Not Started | T196: NO
A197: 196 | B197: Cox Bazar (GEN-A) | C197: 17030 | D197: Chakaria GEN-A-1 | E197: 16159 | F197: Mr. Mohammad Nazrul Islam | G197: 11040 | H197: Chakaria-1 | I197: 1933 | J197: Ripan Saha | K197: Sr. Medical Information Officer | L197: 345 | M197: 193852.83 | N197: 218845.3 | O197: 12.892497 | P197: 2000 | S197: Not Started | T197: NO
A198: 197 | B198: Rangpur (GEN-A) | C198: 17007 | D198: Rangpur GEN-A-3 | E198: 16031 | F198: Mr. Raqibul Hasan | G198: 10220 | H198: Rangpur-15 | I198: 7508 | J198: Mr. Md. Shohag Ali | K198: Medical Information Officer | L198: 345 | M198: 64707.57 | N198: 85022.37 | O198: 31.394781 | P198: 3000 | S198: Not Started | T198: NO
A199: 198 | B199: Gazipur (GEN-A) | C199: 17022 | D199: Gazipur-Chowrasta GEN-A-1 | E199: 16117 | F199: Mr. Mohammad Abdul Baten | G199: 12063 | H199: Manipur | I199: 1864 | J199: Md. Milon Babu | K199: Sr. Medical Information Officer | L199: 344 | M199: 186176.8 | N199: 222638.63 | O199: 19.584519 | P199: 3000 | S199: Not Started | T199: NO
A200: 199 | B200: Chattogram-D (GEN-A) | C200: 17147 | D200: Fatikchari GEN-A-2 | E200: 16532 | F200: Md. Sumsuddoha | G200: 14076 | H200: Dighinala-1 | I200: 3427 | J200: Mr. Haritosh Chandra Das | K200: Medical Information Officer | L200: 344 | M200: 78215.78 | N200: 104317.72 | O200: 33.371706 | P200: 3000 | S200: Not Started | T200: NO
A201: 200 | B201: Chattogram-D (GEN-A) | C201: 17147 | D201: Chattogram GEN-A-11 | E201: 16610 | F201: Md. Zahangir Alam | G201: 12549 | H201: CTG (CMCH-3) | I201: 5989 | J201: Mr. Zakaria Hossain | K201: Sr. Medical Information Officer | L201: 343 | M201: 86221.71 | N201: 100809.47 | O201: 16.918894 | P201: 3000 | S201: Not Started | T201: NO
A202: 201 | B202: Chattogram-B (GEN-A) | C202: 17029 | D202: Rawjan GEN-A-1 | E202: 16429 | F202: Mr. Mohammad Jaedul Islam | G202: 13093 | H202: Rawjan-3 | I202: 5472 | J202: Mr. Md. Kamrul Hasan | K202: Sr. Medical Information Officer | L202: 343 | M202: 189489.98 | N202: 254827.24 | O202: 34.480588 | P202: 3000 | S202: Not Started | T202: NO
A203: 202 | B203: Tangail (GEN-A) | C203: 17004 | D203: Sherpur GEN-A-1 | E203: 16018 | F203: Mr. Md. Taizul Islam | G203: 11690 | H203: Nakla (Sherpur)-1 | I203: 3198 | J203: Md. Haidar Ali | K203: Sr. Medical Information Officer | L203: 343 | M203: 108050.78 | N203: 131933.78 | O203: 22.103496 | P203: 3000 | S203: Not Started | T203: NO
A204: 203 | B204: Jashore (GEN-A) | C204: 17010 | D204: Magura GEN-A-1 | E204: 16050 | F204: Mr. Md. Faisal Kabir | G204: 10338 | H204: Magura-2 | I204: 903 | J204: Shaikh Nazmul Haque | K204: Sr. Medical Information Officer | L204: 342 | M204: 172833.19 | N204: 207465.81 | O204: 20.038177 | P204: 3000 | S204: Not Started | T204: NO
A205: 204 | B205: Chattogram-D (GEN-A) | C205: 17147 | D205: Chattogram GEN-A-7 | E205: 16158 | F205: Md. Abu Naser | G205: 11011 | H205: CTG (EPIC)-2 | I205: 6163 | J205: Mr. Uzzal Ghosh | K205: Sr. Medical Information Officer | L205: 342 | M205: 127915.83 | N205: 150929.32 | O205: 17.99112 | P205: 3000 | S205: Not Started | T205: NO
A206: 205 | B206: Narsingdi (GEN-A) | C206: 17016 | D206: Kishoregonj GEN-A-2 | E206: 16086 | F206: Mr. Syed Rasel | G206: 12216 | H206: Tarail-1 | I206: 7039 | J206: Mr. Naimur Rahman | K206: Medical Information Officer | L206: 341 | M206: 139070.16 | N206: 189654.82 | O206: 36.373482 | P206: 3000 | S206: Not Started | T206: NO
A207: 206 | B207: Dhaka-B (GEN-A) | C207: 17017 | D207: Dhaka GEN-A-2 | E207: 16088 | F207: Mr. Md. Arif Sarkar | G207: 10581 | H207: BIRDEM-Eskaton | I207: 2746 | J207: Pritom Biswas | K207: Sr. Medical Information Officer | L207: 341 | M207: 49700.26 | N207: 59085.64 | O207: 18.883966 | P207: 3000 | S207: Not Started | T207: NO
... A275: 274 | B275: Chattogram-B (GEN-A) | C275: 17029 | D275: Chandraghona GEN-A-1 | E275: 16168 | F275: Mr. Md. Zakir Hossain | G275: 11103 | H275: Rangunia-1 | I275: 809 | J275: Gobinda Chandra Sarkar | K275: Sr. Medical Information Officer | L275: 318 | M275: 315906.52 | N275: 353867.49 | O275: 12.01652 | P275: 2000 | S275: Not Started | T275: NO
A276: 275 | B276: Rangpur (GEN-A) | C276: 17007 | D276: Rangpur GEN-A-3 | E276: 16031 | F276: Mr. Raqibul Hasan | G276: 13192 | H276: Rangpur-14 | I276: 927 | J276: Md. Masum Billah | K276: Sr. Medical Information Officer | L276: 318 | M276: 167435.99 | N276: 184452.45 | O276: 10.162964 | P276: 2000 | S276: Not Started | T276: YES | U276: 10634 | V276: Chattak-2 | W276: Sylhet GEN-A-1 | X276: Mr. Md. Golam Sarwar | Y276: Sylhet-A
A277: 276 | B277: Gazipur (GEN-A) | C277: 17022 | D277: Konabari GEN-A-1 | E277: 16115 | F277: Md. Abdul Hye Al Hadi | G277: 10755 | H277: Konabari-Kashimpur | I277: 1322 | J277: Mr. Ruhul Kudus | K277: Sr. Medical Information Officer | L277: 318 | M277: 162773.26 | N277: 188185.45 | O277: 15.612018 | P277: 3000 | S277: Not Started | T277: NO
A278: 277 | B278: Chattogram-B (GEN-A) | C278: 17029 | D278: Chattogram GEN-A-5 | E278: 16164 | F278: Mr. Md. Ziaur Rahman | G278: 13107 | H278: CTG (Aturar Depot)-2 | I278: 7302 | J278: Mr. Lakkhon Kumar Roy | K278: Medical Information Officer | L278: 318 | M278: 291213.93 | N278: 322428.31 | O278: 10.718711 | P278: 2000 | S278: Not Started | T278: NO
A279: 278 | B279: Rajshahi (GEN-A) | C279: 17008 | D279: Chapainwabgonj GEN-A-1 | E279: 16040 | F279: Mr. Md. Enamul Haque | G279: 10278 | H279: C.Nawabganj-3 | I279: 1722 | J279: Md. Mamunur Rashid | K279: Sr. Medical Information Officer | L279: 317 | M279: 109040.32 | N279: 128770.51 | O279: 18.094398 | P279: 3000 | S279: Not Started | T279: NO
A280: 279 | B280: Mymensingh (GEN-A) | C280: 17024 | D280: Netrokona GEN-A-1 | E280: 16130 | F280: Mr. Muhammad Zakir Hossain | G280: 14646 | H280: Netrokona-5 | I280: 8306 | J280: Mr. Pobetro Kumar Ray | K280: Medical Information Officer | L280: 317 | M280: 131933.83 | N280: 162938.27 | O280: 23.499992 | P280: 3000 | S280: Not Started | T280: NO
A281: 280 | B281: Jashore (GEN-A) | C281: 17010 | D281: Meherpur GEN-A-1 | E281: 16420 | F281: Mr. Md. Ershad Ali | G281: 14147 | H281: Gangni-2 | I281: 7492 | J281: Mr. Md. Aorangojeb | K281: Medical Information Officer | L281: 317 | M281: 125097.29 | N281: 138545.56 | O281: 10.750249 | P281: 2000 | S281: Not Started | T281: NO
A282: 281 | B282: Rajshahi (GEN-A) | C282: 17008 | D282: Chapainwabgonj GEN-A-2 | E282: 16613 | F282: Farid Hossain | G282: 10280 | H282: Rohonpur | I282: 2244 | J282: Md. Tahidul Islam | K282: Medical Information Officer | L282: 315 | M282: 127376.25 | N282: 144947.53 | O282: 13.794785 | P282: 2000 | S282: Not Started | T282: NO
A283: 282 | B283: Sylhet-A (GEN-A) | C283: 17018 | D283: Sylhet GEN-A-1 | E283: 16101 | F283: Mr. Md. Golam Sarwar | G283: 10633 | H283: Chattak-1 | I283: 1287 | J283: Subash Chandra Sarker | K283: Sr. Medical Information Officer | L283: 315 | M283: 216611.35 | N283: 242623.33 | O283: 12.008595 | P283: 2000 | S283: Not Started | T283: NO
A284: 283 | B284: Chattogram-A (GEN-A) | C284: 17031 | D284: Chattogram GEN-A-3 | E284: 16166 | F284: Mohammad Yousuf | G284: 13264 | H284: CTG (Maa O Shishu)-6 | I284: 7139 | J284: Mr. Kartic Sarker | K284: Medical Information Officer | L284: 315 | M284: 200299.59 | N284: 238065.71 | O284: 18.854816 | P284: 3000 | S284: Not Started | T284: NO
A285: 284 | B285: Barishal-B (GEN-A) | C285: 17105 | D285: Bhola GEN-A-1 | E285: 16055 | F285: Mr. Md. Sorwer Hossain | G285: 10368 | H285: Mehendiganj | I285: 2092 | J285: Debdash Ray | K285: Sr. Medical Information Officer | L285: 315 | M285: 148965.28 | N285: 186371.52 | O285: 25.11071 | P285: 3000 | S285: Not Started | T285: NO
A286: 285 | B286: Rajshahi (GEN-A) | C286: 17008 | D286: Bagmara GEN-A-1 | E286: 16684 | F286: Mr. Md. Hasan Imam Rashel | G286: 13061 | H286: Taherpur (Rajshahi)-1 | I286: 8775 | J286: Mr. Md. Ishaq | K286: Medical Information Officer | L286: 315 | M286: 135637.03 | N286: 172413.61 | O286: 27.113967 | P286: 3000 | S286: Not Started | T286: NO
A287: 286 | B287: Chattogram-A (GEN-A) | C287: 17031 | D287: Chattogram GEN-A-3 | E287: 16166 | F287: Mohammad Yousuf | G287: 13614 | H287: CTG (Halishahar)-2 | I287: 7220 | J287: Mr. Md. Rakib Hossain | K287: Medical Information Officer | L287: 315 | M287: 179010.25 | N287: 220824.33 | O287: 23.358484 | P287: 3000 | S287: Not Started | T287: NO
A288: 287 | B288: Cumilla-B (GEN-A) | C288: 17093 | D288: Cumilla GEN-A-2 | E288: 16143 | F288: Md. Monaem Hossain | G288: 14123 | H288: Cumilla Truma Center-2 | I288: 7411 | J288: Mr. Pitor Biswas | K288: Medical Information Officer | L288: 314 | M288: 68005.93 | N288: 120630.11 | O288: 77.381752 | P288: 3000 | S288: Not Started | T288: NO
... A343: 342 | B343: Chattogram-A (GEN-A) | C343: 17031 | D343: Sitakundu GEN-A-1 | E343: 16678 | F343: Mr. Riazul Mostafa | G343: 11093 | H343: Mirsorai-1 | I343: 983 | J343: Md. Saheb Ali | K343: Sr. Medical Information Officer | L343: 300 | M343: 268305.58 | N343: 295142.06 | O343: 10.002207 | P343: 2000 | S343: Not Started | T343: NO
A344: 343 | B344: Faridpur (GEN-A) | C344: 17013 | D344: Faridpur GEN-A-1 | E344: 16064 | F344: Mr. Sumon Kumar Paul | G344: 14600 | H344: Faridpur-9 | J344: Faridpur-9 | K344: Medical Information Officer | L344: 300 | M344: 92248.66 | N344: 122593.46 | O344: 32.89457 | P344: 3000 | S344: Not Started | T344: NO
A345: 344 | B345: Chattogram-B (GEN-A) | C345: 17029 | D345: Chandraghona GEN-A-1 | E345: 16168 | F345: Mr. Md. Zakir Hossain | G345: 14535 | H345: Rangunia-4 | I345: 7582 | J345: Mr. Abdul Jalil | K345: Medical Information Officer | L345: 300 | M345: 253612.83 | N345: 294362.38 | O345: 16.067622 | P345: 3000 | S345: Not Started | T345: NO
A346: 345 | B346: Dinajpur (GEN-A) | C346: 17006 | D346: Panchagarh GEN-A-1 | E346: 16419 | F346: Md. Nayeb Ali | G346: 10200 | H346: Panchagorh-2 | I346: 8650 | J346: Mr. Jannatun Nayem | K346: Medical Information Officer | L346: 299 | M346: 92713.54 | N346: 106131.81 | O346: 14.472827 | P346: 2000 | S346: Not Started | T346: NO
A347: 346 | B347: Rajshahi (GEN-A) | C347: 17008 | D347: Patnitola GEN-A-1 | E347: 16038 | F347: Mr. Khondokar Mazharul Islam | G347: 10267 | H347: Patnitola-2 | I347: 7231 | J347: Mr. Sumon Bhattacharjee | K347: Medical Information Officer | L347: 299 | M347: 105097.68 | N347: 122443.92 | O347: 16.504874 | P347: 3000 | S347: Not Started | T347: NO
A348: 347 | B348: Chattogram-A (GEN-A) | C348: 17031 | D348: Sandwip GEN-A-1 | E348: 16325 | F348: Mr. Mohammad Abdul Aziz | G348: 13036 | H348: Sandwip-5 | I348: 1099 | J348: Golam Rahman | K348: Sr. Medical Information Officer | L348: 299 | M348: 208920.22 | N348: 263447.83 | O348: 26.099728 | P348: 3000 | S348: Not Started | T348: NO
A349: 348 | B349: Dhaka-I (GEN-A) | C349: 17001 | D349: Dhaka GEN-A-20 | E349: 16002 | F349: Mr. Shohrab Hossain | G349: 10008 | H349: Khidmah Hospital | I349: 5916 | J349: Mr. Md. Sanoar Hossain | K349: Medical Information Officer | L349: 299 | M349: 41229.51 | N349: 60914.68 | O349: 47.745341 | P349: 3000 | S349: Not Started | T349: NO
A350: 349 | B350: Chattogram-B (GEN-A) | C350: 17029 | D350: Chandraghona GEN-A-1 | E350: 16168 | F350: Mr. Md. Zakir Hossain | G350: 12544 | H350: Rangunia-2 | I350: 6661 | J350: Mr. Shaddam Hossain | K350: Medical Information Officer | L350: 298 | M350: 222083.67 | N350: 292413.4 | O350: 31.668123 | P350: 3000 | S350: Not Started | T350: NO
A351: 350 | B351: Cox Bazar (GEN-A) | C351: 17030 | D351: Cox Bazar GEN-A-2 | E351: 16161 | F351: Mr. Md. Mostafa Kamal | G351: 11053 | H351: Coxs Bazar (Pan Bazar) | I351: 1291 | J351: Md. Rubel Hossain | K351: Sr. Medical Information Officer | L351: 298 | M351: 121529.12 | N351: 145397.09 | O351: 19.639713 | P351: 3000 | S351: Not Started | T351: NO
A352: 351 | B352: Barishal-B (GEN-A) | C352: 17105 | D352: Lalmohon GEN-A-1 | E352: 16363 | F352: Mr. Md. Abdur Razzak Mia | G352: 10373 | H352: Burhanuddin | I352: 1218 | J352: Md. Raju Hosen | K352: Sr. Medical Information Officer | L352: 298 | M352: 164002.68 | N352: 190494.42 | O352: 16.153236 | P352: 3000 | S352: Not Started | T352: NO
A353: 352 | B353: Chandpur (GEN-A) | C353: 17026 | D353: Chandpur GEN-A-1 | E353: 16140 | F353: Mr. Md. Mokaram Ahamed | G353: 10909 | H353: Chandpur (Medinova)-1 | I353: 2527 | J353: Joy Roy Joni | K353: Sr. Medical Information Officer | L353: 298 | M353: 150419.56 | N353: 182488.52 | O353: 21.319674 | P353: 3000 | S353: Not Started | T353: NO
A354: 353 | B354: Chattogram-A (GEN-A) | C354: 17031 | D354: Sandwip GEN-A-1 | E354: 16325 | F354: Mr. Mohammad Abdul Aziz | G354: 11083 | H354: Sandwip-3 | I354: 1884 | J354: Md. Golam Maula | K354: Sr. Medical Information Officer | L354: 298 | M354: 151619.05 | N354: 179625.02 | O354: 18.471274 | P354: 3000 | S354: Not Started | T354: NO
A355: 354 | B355: Chandpur (GEN-A) | C355: 17026 | D355: Hazigonj GEN-A-1 | E355: 16137 | F355: Mr. Gautam Baral | G355: 12916 | H355: Hazigonj-6 | I355: 5144 | J355: Mr. Md. Abu Talha | K355: Medical Information Officer | L355: 298 | M355: 186716.49 | N355: 291079.08 | O355: 55.893612 | P355: 3000 | S355: Not Started | T355: NO
A356: 355 | B356: Jashore (GEN-A) | C356: 17010 | D356: Jhenidah GEN-A-1 | E356: 16049 | F356: Md. Asaduzzaman | G356: 10336 | H356: Kotchandpur | I356: 588 | J356: Md. Ashraful Islam | K356: Sr. Medical Information Officer | L356: 298 | M356: 189400.65 | N356: 226941.65 | O356: 19.820946 | P356: 3000 | S356: Not Started | T356: NO
... A444: 443 | B444: Dinajpur (GEN-A) | C444: 17006 | D444: Panchagarh GEN-A-1 | E444: 16419 | F444: Md. Nayeb Ali | G444: 10194 | H444: Boda-1 | I444: 1882 | J444: Md. Rafikul Islam | K444: Medical Information Officer | L444: 278 | M444: 77900.99 | N444: 98545.64 | O444: 26.501139 | P444: 3000 | S444: Not Started | T444: NO
A445: 444 | B445: Cox Bazar (GEN-A) | C445: 17030 | D445: Cox Bazar GEN-A-2 | E445: 16161 | F445: Mr. Md. Mostafa Kamal | G445: 11058 | H445: Coxs Bazar (Digital Hosp ) | J445: Mr. Omar Faruk | K445: Medical Information Officer | L445: 278 | M445: 35277.3 | N445: 86596.56 | O445: 145.47389 | P445: 3000 | S445: Not Started | T445: NO
A446: 445 | B446: Barishal-A (GEN-A) | C446: 17011 | D446: Patuakhali GEN-A-1 | E446: 16057 | F446: Mr. Bilash Kumar Biswas | G446: 12585 | H446: Dumki-1 | I446: 1795 | J446: Md. Rabiul Islam | K446: Sr. Medical Information Officer | L446: 278 | M446: 72758.5 | N446: 102098.74 | O446: 40.325515 | P446: 3000 | S446: Not Started | T446: NO
A447: 446 | B447: Barishal-A (GEN-A) | C447: 17011 | D447: Barishal GEN-A-2 | E447: 16053 | F447: Mr. Md. Azizul Islam Khan | G447: 13194 | H447: Ujirpur-2 | I447: 5817 | J447: Mr. Nahid Hasan | K447: Medical Information Officer | L447: 278 | M447: 110209.73 | N447: 128620.46 | O447: 16.705177 | P447: 3000 | S447: Not Started | T447: NO
A448: 447 | B448: Jashore (GEN-A) | C448: 17010 | D448: Chuadanga GEN-A-1 | E448: 16051 | F448: Mr. Bikash Chandra Guha | G448: 10345 | H448: Chuadanga-3 | I448: 1472 | J448: Md. Mahbubur Rahman | K448: Sr. Medical Information Officer | L448: 278 | M448: 155876.81 | N448: 201094.2 | O448: 29.008414 | P448: 3000 | S448: Not Started | T448: NO
A449: 448 | B449: Rangpur (GEN-A) | C449: 17007 | D449: Gaibandha GEN-A-1 | E449: 16034 | F449: Mr. Shahidul Islam | G449: 10236 | H449: Gaibandha-3 | I449: 6713 | J449: Mr. Md. Sohel Rana | K449: Medical Information Officer | L449: 277 | M449: 123448.09 | N449: 148710.48 | O449: 20.463978 | P449: 3000 | S449: Not Started | T449: NO
A450: 449 | B450: Khulna (GEN-A) | C450: 17012 | D450: Bagerhat GEN-A-1 | E450: 16061 | F450: Mr. Md. Asaduzzaman | G450: 14549 | H450: Sharankhola | I450: 7623 | J450: Mr. Rajon Ali | K450: Medical Information Officer | L450: 277 | M450: 93957.82 | N450: 115921.79 | O450: 23.376415 | P450: 3000 | S450: Not Started | T450: NO
A451: 450 | B451: Dhaka-D (GEN-A) | C451: 17014 | D451: Nowabgonj GEN-A-1 | E451: 16075 | F451: Mr. Md. Delwar Hossain Moral | G451: 10505 | H451: Nowabgonj-3 | I451: 1818 | J451: Md. Masud Rana | K451: Sr. Medical Information Officer | L451: 277 | M451: 187031.16 | N451: 207346.15 | O451: 10.861821 | P451: 2000 | S451: Not Started | T451: NO
A452: 451 | B452: Faridpur (GEN-A) | C452: 17013 | D452: Rajbari GEN-A-1 | E452: 16070 | F452: Mr. Manitosh Biswas | G452: 10464 | H452: Pangsha-1 | I452: 2174 | J452: Md. Sayrul Islam | K452: Medical Information Officer | L452: 277 | M452: 213762.76 | N452: 239384.92 | O452: 11.98626 | P452: 2000 | S452: Not Started | T452: NO
A453: 452 | B453: Chattogram-A (GEN-A) | C453: 17031 | D453: Sitakundu GEN-A-1 | E453: 16678 | F453: Mr. Riazul Mostafa | G453: 11092 | H453: Sitakundu-1 | I453: 3429 | J453: Mr. Rothindronath Roy | K453: Medical Information Officer | L453: 277 | M453: 131678.96 | N453: 162833.35 | O453: 23.659353 | P453: 3000 | S453: Not Started | T453: NO
A454: 453 | B454: Chandpur (GEN-A) | C454: 17026 | D454: Chandpur GEN-A-1 | E454: 16140 | F454: Mr. Md. Mokaram Ahamed | G454: 10905 | H454: Faridgonj-3 | I454: 7118 | J454: Mr. Md. AB Rahman | K454: Medical Information Officer | L454: 277 | M454: 143897.84 | N454: 162309 | O454: 12.794605 | P454: 2000 | S454: Not Started | T454: NO
A455: 454 | B455: Maizdee (GEN-A) | C455: 17025 | D455: Komol Nagar-A-1 | E455: 16599 | F455: Mr. Md. Ariful Islam | G455: 10856 | H455: Ramgati-1 | I455: 3196 | J455: Kamal Kumar Roy | K455: Sr. Medical Information Officer | L455: 276 | M455: 120974.35 | N455: 133867.89 | O455: 10.658078 | P455: 2000 | S455: Not Started | T455: NO
A456: 455 | B456: Cumilla-B (GEN-A) | C456: 17093 | D456: Gouripur GEN-A-1 | E456: 16147 | F456: Md. Aminur Islam | G456: 12342 | H456: Homna-2 | I456: 6669 | J456: Mr. Md. Majedur Rahman | K456: Medical Information Officer | L456: 276 | M456: 180644.82 | N456: 212653.5 | O456: 17.719124 | P456: 3000 | S456: Not Started | T456: NO
A457: 456 | B457: Mymensingh (GEN-A) | C457: 17024 | D457: Mymensingh GEN-A-2 | E457: 16126 | F457: Mr. Md. Golam Moktadir | G457: 12327 | H457: Issorgonj-2 | I457: 3706 | J457: Mr. Md. Kamruzzaman | K457: Medical Information Officer | L457: 276 | M457: 172953.22 | N457: 210164.56 | O457: 21.515263 | P457: 3000 | S457: Not Started | T457: NO
... A531: 530 | B531: Narsingdi (GEN-A) | C531: 17016 | D531: Bhairab GEN-A-1 | E531: 16084 | F531: Mr. Sayed Kohel-Uz-Zaman | G531: 10721 | H531: Ashuganj-1 | I531: 2895 | J531: Md. Umor Faruk | K531: Medical Information Officer | L531: 263 | M531: 124482.54 | N531: 156701.39 | O531: 25.882224 | P531: 3000 | S531: Not Started | T531: NO
A532: 531 | B532: Khulna (GEN-A) | C532: 17012 | D532: Satkhira GEN-A-1 | E532: 16062 | F532: Mr. Md. Mehedi Hasan | G532: 10425 | H532: Paikgacha | I532: 3293 | J532: Shuvasish Bhatta | K532: Medical Information Officer | L532: 262 | M532: 106476.59 | N532: 170059.74 | O532: 59.715614 | P532: 3000 | S532: Not Started | T532: YES | U532: 10425 | V532: Paikgacha | W532: Shyamnagor GEN-A-1 | X532: Md. Waziullah Patwary | Y532: Khulna
A533: 532 | B533: Barishal-B (GEN-A) | C533: 17105 | D533: Barishal GEN-A-1 | E533: 16052 | F533: Mr. Sujit Kumar Dutta | G533: 13235 | H533: Nalcity-1 | I533: 5873 | J533: Mr. Gowranga Chandra Sarker | K533: Medical Information Officer | L533: 262 | M533: 107361.51 | N533: 124003.2 | O533: 15.500611 | P533: 3000 | S533: Not Started | T533: NO
A534: 533 | B534: Chattogram-B (GEN-A) | C534: 17029 | D534: Chattogram GEN-A-4 | E534: 16171 | F534: Mahmodul Haque | G534: 11124 | H534: CTG (Kotwali) | I534: 6253 | J534: Mr. Halel Mia | K534: Medical Information Officer | L534: 262 | M534: 107406.14 | N534: 180824.36 | O534: 68.355701 | P534: 3000 | S534: Not Started | T534: NO
A535: 534 | B535: Dhaka-B (GEN-A) | C535: 17017 | D535: Dhaka GEN-A-15 | E535: 16010 | F535: Mr. Md. Zahidur Rahman | G535: 10068 | H535: BSMMU-Modern Hospital-3 | I535: 1790 | J535: Md. Showkat Iqbal | K535: Sr. Medical Information Officer | L535: 262 | M535: 33088.49 | N535: 48921.27 | O535: 47.849811 | P535: 3000 | S535: Not Started | T535: NO
A536: 535 | B536: Dhaka-C (GEN-A) | C536: 17003 | D536: Dhaka GEN-A-10 | E536: 16013 | F536: Mr. Md. Bayezid Al Hasan | G536: 10089 | H536: English Road | I536: 5601 | J536: Mr. Md. Nur Alam Sarker | K536: Medical Information Officer | L536: 262 | M536: 109624.99 | N536: 153672.89 | O536: 40.180528 | P536: 3000 | S536: Not Started | T536: NO
A537: 536 | B537: Rajshahi (GEN-A) | C537: 17008 | D537: Natore GEN-A-1 | E537: 16039 | F537: Md. Hasanujjaman | G537: 14707 | H537: Nandigram-2 | I537: 875 | J537: Md. Shahid Nazir | K537: Sr. Medical Information Officer | L537: 262 | M537: 67721.05 | N537: 76671.56 | O537: 13.216732 | P537: 2000 | S537: Not Started | T537: NO
A538: 537 | B538: B. Baria (GEN-A) | C538: 17020 | D538: Nobigonj GEN-A-1 | E538: 16682 | F538: Sayful Islam | G538: 10678 | H538: Bahubal-1 | I538: 1450 | J538: Md. Ashrafuzzaman | K538: Sr. Medical Information Officer | L538: 261 | M538: 169999.75 | N538: 201394.05 | O538: 18.467262 | P538: 3000 | S538: Not Started | T538: NO
A539: 538 | B539: Sylhet-B (GEN-A) | C539: 17019 | D539: Sreemongal GEN-A-1 | E539: 16102 | F539: Mr. ATM Shakhawat Hossain | G539: 10673 | H539: Sreemongal-1 | I539: 6322 | J539: Mr. Aktab Hossain | K539: Medical Information Officer | L539: 261 | M539: 143702.89 | N539: 176161.58 | O539: 22.587361 | P539: 3000 | S539: Not Started | T539: NO
A540: 539 | B540: Rajshahi (GEN-A) | C540: 17008 | D540: Rajshahi GEN-A-3 | E540: 16037 | F540: Fazlul Haque | G540: 10256 | H540: Rajshahi-3 | I540: 5462 | J540: Mr. Md. Mominul Islam | K540: Medical Information Officer | L540: 261 | M540: 102698.49 | N540: 116956.38 | O540: 13.883252 | P540: 2000 | S540: Not Started | T540: NO
A541: 540 | B541: Dhaka-C (GEN-A) | C541: 17003 | D541: Chattogram Road GEN-A-1 | E541: 16091 | F541: Mr. Monoranjan Dhar | G541: 14606 | H541: Chattogram Road-10 | I541: 7686 | J541: Mr. Bilash Kumer Dash | K541: Medical Information Officer | L541: 261 | M541: 101289.18 | N541: 112503.58 | O541: 11.071666 | P541: 2000 | S541: Not Started | T541: NO
A542: 541 | B542: Maizdee (GEN-A) | C542: 17025 | D542: Maizdee GEN-A-1 | E542: 16131 | F542: Md. Rakibul Islam | G542: 12955 | H542: Sonapur-2 | I542: 5191 | J542: Mr. Md. Abdul Hai | K542: Sr. Medical Information Officer | L542: 261 | M542: 149385.12 | N542: 169924.83 | O542: 13.749502 | P542: 2000 | S542: Not Started | T542: NO
A543: 542 | B543: Dhaka-A (GEN-A) | C543: 17023 | D543: Dhaka GEN-A-4 | E543: 16120 | F543: Mr. Md. Mazed Biswas | G543: 10783 | H543: Delta-Mazar Road | I543: 3945 | J543: Mr. Md. Rafiqe Mondol | K543: Sr. Medical Information Officer | L543: 261 | M543: 69745.01 | N543: 85502.1 | O543: 22.592426 | P543: 3000 | S543: Not Started | T543: NO
A544: 543 | B544: Cumilla (GEN-A) | C544: 17027 | D544: Barura GEN-A-1 | E544: 16141 | F544: Mr. Md. Habibur Rahman | G544: 10919 | H544: Moddaforgonj | I544: 6282 | J544: Mr. Dilip Paramanya | K544: Medical Information Officer | L544: 261 | M544: 170104.62 | N544: 191094.11 | O544: 12.339165 | P544: 2000 | S544: Not Started | T544: NO
... A757: 756 | B757: Sylhet-B (GEN-A) | C757: 17019 | D757: Moulovibazar GEN-A-1 | E757: 16103 | F757: Mr. Ripan Kumar Sarkar | G757: 10683 | H757: Rajnagor | I757: 2259 | J757: Sonjoy Kumar Barman | K757: Sr. Medical Information Officer | L757: 218 | M757: 172518.35 | N757: 225066.99 | O757: 30.45974 | P757: 3000 | S757: Not Started | T757: NO
A758: 757 | B758: Chattogram-D (GEN-A) | C758: 17147 | D758: Fatikchari GEN-A-2 | E758: 16532 | F758: Md. Sumsuddoha | G758: 11025 | H758: Khagrachari-1 | J758: Khagrachari-1 | K758: Sr. Medical Information Officer | L758: 218 | M758: 73613.07 | N758: 83223.26 | O758: 13.055005 | P758: 2000 | S758: Not Started | T758: NO
A759: 758 | B759: Narsingdi (GEN-A) | C759: 17016 | D759: Bajitpur GEN-A-1 | E759: 16322 | F759: Mr. Mehedi Hasan Rasel | G759: 10554 | H759: Bajitpur-1 | I759: 2030 | J759: Debashis Chandra Sarkar | K759: Sr. Medical Information Officer | L759: 218 | M759: 120299.68 | N759: 149355.13 | O759: 24.152558 | P759: 3000 | S759: Not Started | T759: NO
A760: 759 | B760: Tangail (GEN-A) | C760: 17004 | D760: Jamalpur GEN-A-2 | E760: 16324 | F760: Mr. Md. Uzzal Hossain | G760: 13196 | H760: Sarishabari-3 | I760: 5795 | J760: Mr. Md. Momen Shakil | K760: Medical Information Officer | L760: 218 | M760: 89850.03 | N760: 106776.51 | O760: 18.838591 | P760: 3000 | S760: Not Started | T760: NO
A761: 760 | B761: Bogura (GEN-A) | C761: 17005 | D761: Bogura GEN-A-2 | E761: 16021 | F761: Md. Alamgir Hossain | G761: 10151 | H761: Shibgonj-1 (Bogura) | I761: 750 | J761: Mr. Nasir Uddin Bhuyian | K761: Sr. Medical Information Officer | L761: 218 | M761: 44452.73 | N761: 56236.8 | O761: 26.509216 | P761: 3000 | S761: Not Started | T761: NO
A762: 761 | B762: Savar (GEN-A) | C762: 17002 | D762: Savar GEN-A-1 | E762: 16005 | F762: Md. Anisuzzaman Talukder | G762: 10030 | H762: Singair-2 | I762: 1105 | J762: Md. Aslam Uddin | K762: Sr. Medical Information Officer | L762: 218 | M762: 105412.14 | N762: 126146.77 | O762: 19.670059 | P762: 3000 | S762: Not Started | T762: NO
A763: 762 | B763: B. Baria (GEN-A) | C763: 17020 | D763: Kosba GEN-A-1 | E763: 16107 | F763: Mr. Md. Ruhul Amin | G763: 12679 | H763: Akhaura-2 | I763: 5671 | J763: Mr. Md. Aminul Islam | K763: Medical Information Officer | L763: 217 | M763: 126071.8 | N763: 141139.21 | O763: 11.951451 | P763: 2000 | S763: Not Started | T763: NO
A764: 763 | B764: Chandpur (GEN-A) | C764: 17026 | D764: Ramganj GEN-A-1 | E764: 16138 | F764: Md. Rezaul Karim | G764: 10900 | H764: Raipur-3 | I764: 8778 | J764: Mr. Md. Parves Hossain | K764: Medical Information Officer | L764: 216 | M764: 108170.75 | N764: 132488.57 | O764: 22.480957 | P764: 3000 | S764: Not Started | T764: NO
A765: 764 | B765: Barishal-A (GEN-A) | C765: 17011 | D765: Patuakhali GEN-A-2 | E765: 16422 | F765: Mr. Sujan Kumar Saha | G765: 14131 | H765: Bakergonj-2 | I765: 2536 | J765: Abdus Salam | K765: Medical Information Officer | L765: 216 | M765: 89804.93 | N765: 107331.15 | O765: 19.515877 | P765: 3000 | S765: Not Started | T765: NO
A766: 765 | B766: Barishal-A (GEN-A) | C766: 17011 | D766: Gournadi GEN-A-1 | E766: 16054 | F766: Mr. Md. Abu Hanif | G766: 10450 | H766: Kalkini-1 | I766: 784 | J766: Md. Emdadul Haque | K766: Sr. Medical Information Officer | L766: 216 | M766: 155651.8 | N766: 188935.14 | O766: 21.383203 | P766: 3000 | S766: Not Started | T766: NO
...
